className,rollNumber,studentName
I BBA CS S-III,400000000,Riya Menon
I BBA CS S-III,400000001,Aarav Singh
I BBA CS S-III,400000002,Sai Mishra
I BBA CS S-III,400000003,Priya Patel
I BBA CS S-III,400000004,Pooja Verma
I BBA CS S-III,400000005,Meera Menon
I BBA CS S-III,400000006,Vihaan Mishra
I BBA CS S-III,400000007,Sai Das
I BBA CS S-III,400000008,Neha Rao
I BBA CS S-III,400000009,Aditya Bose
I BBA CS S-III,400000010,Anaya Nair
I BBA CS S-III,400000011,Kavya Kumar
I BBA CS S-III,400000012,Lakshmi Singh
I BBA CS S-III,400000013,Sneha Iyer
I BBA CS S-III,400000014,Pooja Ghosh
I BBA CS S-III,400000015,Aditya Ghosh
I BBA CS S-III,400000016,Vivaan Mishra
I BBA CS S-III,400000017,Aishwarya Patel
I BBA CS S-III,400000018,Sai Kumar
I BBA CS S-III,400000019,Priya Singh
I BBA CS S-III,400000020,Aishwarya Singh
I BBA CS S-III,400000021,Neha Yadav
I BBA CS S-III,400000022,Sai Iyer
I BBA CS S-III,400000023,Diya Iyer
I BBA CS S-III,400000024,Neha Yadav
I BBA CS S-III,400000025,Lakshmi Thakur
I BBA CS S-III,400000026,Isha Nair
I BBA CS S-III,400000027,Neha Thakur
I BBA CS S-III,400000028,Vihaan Nair
I BBA CS S-III,400000029,Vihaan Chatterjee
I BBA CS S-III,400000030,Vihaan Menon
I BBA CS S-III,400000031,Sneha Das
I BBA CS S-III,400000032,Bhavana Menon
I BBA CS S-III,400000033,Bhavana Chatterjee
I BBA CS S-III,400000034,Neha Chatterjee
II BSc GEN S-III,400000035,Kavya Yadav
II BSc GEN S-III,400000036,Bhavana Thakur
II BSc GEN S-III,400000037,Diya Verma
II BSc GEN S-III,400000038,Aarav Sharma
II BSc GEN S-III,400000039,Anaya Verma
II BSc GEN S-III,400000040,Sneha Naidu
II BSc GEN S-III,400000041,Aishwarya Mishra
II BSc GEN S-III,400000042,Diya Bose
II BSc GEN S-III,400000043,Aditya Mishra
II BSc GEN S-III,400000044,Arjun Yadav
II BSc GEN S-III,400000045,Riya Bose
II BSc GEN S-III,400000046,Sai Singh
II BSc GEN S-III,400000047,Isha Verma
II BSc GEN S-III,400000048,Priya Kapoor
II BSc GEN S-III,400000049,Vihaan Menon
II BSc GEN S-III,400000050,Krishna Reddy
II BSc GEN S-III,400000051,Pooja Mishra
II BSc GEN S-III,400000052,Sai Reddy
II BSc GEN S-III,400000053,Arjun Thakur
II BSc GEN S-III,400000054,Aditya Rao
II BSc GEN S-III,400000055,Aishwarya Das
II BSc GEN S-III,400000056,Priya Verma
II BSc GEN S-III,400000057,Riya Das
II BSc GEN S-III,400000058,Sai Naidu
II BSc GEN S-III,400000059,Vivaan Reddy
II BSc GEN S-III,400000060,Arjun Singh
II BSc GEN S-III,400000061,Diya Singh
II BSc GEN S-III,400000062,Vivaan Thakur
II BSc GEN S-III,400000063,Lakshmi Verma
II BSc GEN S-III,400000064,Neha Bose
II BSc GEN S-III,400000065,Kavya Verma
III BCOM CS S-IV,400000066,Aditya Sharma
III BCOM CS S-IV,400000067,Priya Verma
III BCOM CS S-IV,400000068,Pooja Mishra
III BCOM CS S-IV,400000069,Sai Patel
III BCOM CS S-IV,400000070,Sai Shetty
III BCOM CS S-IV,400000071,Riya Bose
III BCOM CS S-IV,400000072,Priya Rao
III BCOM CS S-IV,400000073,Neha Kapoor
III BCOM CS S-IV,400000074,Bhavana Rao
III BCOM CS S-IV,400000075,Priya Patel
III BCOM CS S-IV,400000076,Priya Iyer
III BCOM CS S-IV,400000077,Aishwarya Kapoor
III BCOM CS S-IV,400000078,Neha Kapoor
III BCOM CS S-IV,400000079,Aarav Menon
III BCOM CS S-IV,400000080,Riya Kapoor
III BCOM CS S-IV,400000081,Sai Patel
III BCOM CS S-IV,400000082,Arjun Naidu
III BCOM CS S-IV,400000083,Anaya Nair
III BCOM CS S-IV,400000084,Pooja Patel
III BCOM CS S-IV,400000085,Aditya Nair
III BCOM CS S-IV,400000086,Diya Patel
III BCOM CS S-IV,400000087,Anaya Verma
III BCOM CS S-IV,400000088,Pooja Das
III BCOM CS S-IV,400000089,Sneha Iyer
III BCOM CS S-IV,400000090,Lakshmi Menon
III BCOM CS S-IV,400000091,Aarav Mishra
III BCOM CS S-IV,400000092,Krishna Reddy
III BCOM CS S-IV,400000093,Anaya Menon
III BCOM CS S-IV,400000094,Aditya Singh
III BCOM CS S-IV,400000095,Sneha Sharma
III BCOM GEN S-III,400000096,Vihaan Verma
III BCOM GEN S-III,400000097,Krishna Thakur
III BCOM GEN S-III,400000098,Sneha Rao
III BCOM GEN S-III,400000099,Diya Shetty
III BCOM GEN S-III,400000100,Riya Verma
III BCOM GEN S-III,400000101,Pooja Yadav
III BCOM GEN S-III,400000102,Vivaan Iyer
III BCOM GEN S-III,400000103,Riya Chatterjee
III BCOM GEN S-III,400000104,Kavya Kapoor
III BCOM GEN S-III,400000105,Diya Patel
III BCOM GEN S-III,400000106,Arjun Thakur
III BCOM GEN S-III,400000107,Riya Ghosh
III BCOM GEN S-III,400000108,Bhavana Singh
III BCOM GEN S-III,400000109,Vivaan Iyer
III BCOM GEN S-III,400000110,Kavya Shetty
III BCOM GEN S-III,400000111,Isha Rao
III BCOM GEN S-III,400000112,Aarav Kapoor
III BCOM GEN S-III,400000113,Kavya Bose
III BCOM GEN S-III,400000114,Diya Chatterjee
III BCOM GEN S-III,400000115,Diya Das
III BCOM GEN S-III,400000116,Aishwarya Thakur
III BCOM GEN S-III,400000117,Aishwarya Patel
III BCOM GEN S-III,400000118,Diya Ghosh
III BCOM GEN S-III,400000119,Aishwarya Rao
III BCOM GEN S-III,400000120,Priya Singh
III BCOM GEN S-III,400000121,Kavya Ghosh
III BCOM GEN S-III,400000122,Pooja Chatterjee
III BCOM GEN S-III,400000123,Bhavana Reddy
III BCOM GEN S-III,400000124,Sneha Rao
III BCOM GEN S-III,400000125,Aditya Reddy
III BCOM GEN S-III,400000126,Aishwarya Singh
III BCOM GEN S-III,400000127,Kavya Yadav
III BCOM GEN S-III,400000128,Arjun Sharma
III BCOM GEN S-III,400000129,Meera Mishra
I BCA MATHS S-II,400000130,Aarav Thakur
I BCA MATHS S-II,400000131,Lakshmi Nair
I BCA MATHS S-II,400000132,Vihaan Reddy
I BCA MATHS S-II,400000133,Isha Chatterjee
I BCA MATHS S-II,400000134,Diya Bose
I BCA MATHS S-II,400000135,Anaya Reddy
I BCA MATHS S-II,400000136,Anaya Singh
I BCA MATHS S-II,400000137,Priya Shetty
I BCA MATHS S-II,400000138,Neha Menon
I BCA MATHS S-II,400000139,Lakshmi Chatterjee
I BCA MATHS S-II,400000140,Vihaan Mishra
I BCA MATHS S-II,400000141,Kavya Yadav
I BCA MATHS S-II,400000142,Aarav Ghosh
I BCA MATHS S-II,400000143,Lakshmi Ghosh
I BCA MATHS S-II,400000144,Anaya Naidu
I BCA MATHS S-II,400000145,Aditya Das
I BCA MATHS S-II,400000146,Kavya Menon
I BCA MATHS S-II,400000147,Pooja Thakur
I BCA MATHS S-II,400000148,Meera Iyer
I BCA MATHS S-II,400000149,Sai Menon
I BCA MATHS S-II,400000150,Riya Mishra
I BCA MATHS S-II,400000151,Priya Mishra
I BCA MATHS S-II,400000152,Isha Rao
I BCA MATHS S-II,400000153,Arjun Sharma
I BCA MATHS S-II,400000154,Meera Chatterjee
I BCA MATHS S-II,400000155,Isha Patel
I BCA MATHS S-II,400000156,Sai Mishra
I BCA MATHS S-II,400000157,Pooja Kumar
I BCA MATHS S-II,400000158,Meera Verma
I BCA MATHS S-II,400000159,Anaya Verma
I BCA MATHS S-II,400000160,Isha Kumar
I BCA MATHS S-II,400000161,Anaya Verma
I BCA MATHS S-II,400000162,Meera Bose
I BCA MATHS S-II,400000163,Aishwarya Menon
I BCA MATHS S-II,400000164,Vivaan Sharma
I BCA MATHS S-II,400000165,Diya Rao
I BCA MATHS S-II,400000166,Vihaan Naidu
II BCA CHEM S-III,400000167,Anaya Ghosh
II BCA CHEM S-III,400000168,Priya Singh
II BCA CHEM S-III,400000169,Vihaan Patel
II BCA CHEM S-III,400000170,Kavya Sharma
II BCA CHEM S-III,400000171,Sai Mishra
II BCA CHEM S-III,400000172,Kavya Iyer
II BCA CHEM S-III,400000173,Aarav Patel
II BCA CHEM S-III,400000174,Sneha Yadav
II BCA CHEM S-III,400000175,Aditya Yadav
II BCA CHEM S-III,400000176,Sneha Kumar
II BCA CHEM S-III,400000177,Aditya Kapoor
II BCA CHEM S-III,400000178,Aishwarya Ghosh
II BCA CHEM S-III,400000179,Kavya Rao
II BCA CHEM S-III,400000180,Sai Chatterjee
II BCA CHEM S-III,400000181,Anaya Kumar
II BCA CHEM S-III,400000182,Anaya Verma
II BCA CHEM S-III,400000183,Kavya Kumar
II BCA CHEM S-III,400000184,Aditya Ghosh
II BCA CHEM S-III,400000185,Diya Ghosh
II BCA CHEM S-III,400000186,Pooja Mishra
II BCA CHEM S-III,400000187,Priya Chatterjee
II BCA CHEM S-III,400000188,Sai Shetty
II BCA CHEM S-III,400000189,Sneha Yadav
II BCA CHEM S-III,400000190,Bhavana Shetty
II BCA CHEM S-III,400000191,Vihaan Patel
II BCA CHEM S-III,400000192,Priya Mishra
II BCA CHEM S-III,400000193,Pooja Iyer
II BCA CHEM S-III,400000194,Vivaan Ghosh
II BCA CHEM S-III,400000195,Diya Singh
II BCA CHEM S-III,400000196,Meera Sharma
II BCA CHEM S-III,400000197,Diya Ghosh
II BCA CHEM S-III,400000198,Vivaan Patel
III BCA BIO S-II,400000199,Vihaan Kumar
III BCA BIO S-II,400000200,Aditya Rao
III BCA BIO S-II,400000201,Neha Kapoor
III BCA BIO S-II,400000202,Anaya Bose
III BCA BIO S-II,400000203,Neha Shetty
III BCA BIO S-II,400000204,Anaya Singh
III BCA BIO S-II,400000205,Aditya Chatterjee
III BCA BIO S-II,400000206,Priya Menon
III BCA BIO S-II,400000207,Priya Kumar
III BCA BIO S-II,400000208,Riya Yadav
III BCA BIO S-II,400000209,Aarav Mishra
III BCA BIO S-II,400000210,Vivaan Kapoor
III BCA BIO S-II,400000211,Pooja Chatterjee
III BCA BIO S-II,400000212,Arjun Das
III BCA BIO S-II,400000213,Pooja Reddy
III BCA BIO S-II,400000214,Riya Yadav
III BCA BIO S-II,400000215,Aditya Reddy
III BCA BIO S-II,400000216,Bhavana Ghosh
III BCA BIO S-II,400000217,Sneha Singh
III BCA BIO S-II,400000218,Vihaan Yadav
III BCA BIO S-II,400000219,Anaya Das
III BCA BIO S-II,400000220,Aishwarya Chatterjee
III BCA BIO S-II,400000221,Riya Yadav
III BCA BIO S-II,400000222,Neha Kapoor
III BCA BIO S-II,400000223,Sai Patel
III BCA BIO S-II,400000224,Krishna Bose
III BCA BIO S-II,400000225,Isha Sharma
III BCA BIO S-II,400000226,Aditya Patel
III BCA BIO S-II,400000227,Lakshmi Das
III BCA BIO S-II,400000228,Kavya Kapoor
III BCA BIO S-II,400000229,Meera Naidu
III BCA BIO S-II,400000230,Kavya Nair
III BCA BIO S-II,400000231,Isha Verma
III BCA BIO S-II,400000232,Arjun Rao
II BCOM CS S-III,400000233,Meera Patel
II BCOM CS S-III,400000234,Bhavana Verma
II BCOM CS S-III,400000235,Diya Menon
II BCOM CS S-III,400000236,Vihaan Verma
II BCOM CS S-III,400000237,Meera Menon
II BCOM CS S-III,400000238,Meera Yadav
II BCOM CS S-III,400000239,Arjun Ghosh
II BCOM CS S-III,400000240,Diya Shetty
II BCOM CS S-III,400000241,Lakshmi Sharma
II BCOM CS S-III,400000242,Pooja Kumar
II BCOM CS S-III,400000243,Aarav Kapoor
II BCOM CS S-III,400000244,Vivaan Sharma
II BCOM CS S-III,400000245,Vivaan Chatterjee
II BCOM CS S-III,400000246,Vivaan Rao
II BCOM CS S-III,400000247,Aditya Thakur
II BCOM CS S-III,400000248,Aarav Bose
II BCOM CS S-III,400000249,Anaya Patel
II BCOM CS S-III,400000250,Lakshmi Rao
II BCOM CS S-III,400000251,Anaya Kumar
II BCOM CS S-III,400000252,Lakshmi Mishra
II BCOM CS S-III,400000253,Aditya Bose
II BCOM CS S-III,400000254,Aishwarya Menon
II BCOM CS S-III,400000255,Sneha Menon
II BCOM CS S-III,400000256,Aishwarya Yadav
II BCOM CS S-III,400000257,Krishna Kumar
II BCOM CS S-III,400000258,Sai Thakur
II BCOM CS S-III,400000259,Krishna Patel
II BCOM CS S-III,400000260,Sai Sharma
II BCOM CS S-III,400000261,Krishna Mishra
II BCOM CS S-III,400000262,Vivaan Reddy
II BCOM CS S-III,400000263,Vivaan Menon
II BCOM CS S-III,400000264,Riya Singh
II BCOM CS S-III,400000265,Diya Das
II BCOM CS S-III,400000266,Sai Nair
II BCOM CS S-III,400000267,Aarav Singh
II BCOM CS S-III,400000268,Lakshmi Verma
II BCOM CS S-III,400000269,Bhavana Thakur
III BBA BIO S-IV,400000270,Aishwarya Das
III BBA BIO S-IV,400000271,Aarav Reddy
III BBA BIO S-IV,400000272,Anaya Kapoor
III BBA BIO S-IV,400000273,Pooja Reddy
III BBA BIO S-IV,400000274,Aditya Rao
III BBA BIO S-IV,400000275,Priya Verma
III BBA BIO S-IV,400000276,Neha Iyer
III BBA BIO S-IV,400000277,Sai Reddy
III BBA BIO S-IV,400000278,Priya Kumar
III BBA BIO S-IV,400000279,Riya Shetty
III BBA BIO S-IV,400000280,Bhavana Reddy
III BBA BIO S-IV,400000281,Lakshmi Kumar
III BBA BIO S-IV,400000282,Meera Sharma
III BBA BIO S-IV,400000283,Pooja Iyer
III BBA BIO S-IV,400000284,Vivaan Kumar
III BBA BIO S-IV,400000285,Riya Bose
III BBA BIO S-IV,400000286,Sneha Kumar
III BBA BIO S-IV,400000287,Vihaan Yadav
III BBA BIO S-IV,400000288,Neha Naidu
III BBA BIO S-IV,400000289,Priya Yadav
III BBA BIO S-IV,400000290,Aishwarya Bose
III BBA BIO S-IV,400000291,Anaya Das
III BBA BIO S-IV,400000292,Sai Patel
III BBA BIO S-IV,400000293,Arjun Chatterjee
III BBA BIO S-IV,400000294,Arjun Menon
III BBA BIO S-IV,400000295,Isha Ghosh
III BBA BIO S-IV,400000296,Meera Mishra
III BBA BIO S-IV,400000297,Aishwarya Yadav
III BBA BIO S-IV,400000298,Kavya Reddy
III BBA BIO S-IV,400000299,Bhavana Chatterjee
III BBA BIO S-IV,400000300,Neha Chatterjee
III BBA BIO S-IV,400000301,Riya Singh
III BBA BIO S-IV,400000302,Aarav Verma
III BBA BIO S-IV,400000303,Vihaan Nair
III BBA BIO S-IV,400000304,Anaya Nair
III BBA BIO S-IV,400000305,Sai Bose
III BBA BIO S-IV,400000306,Pooja Shetty
III BBA BIO S-IV,400000307,Kavya Mishra
III BBA BIO S-IV,400000308,Arjun Kumar
I BA MATHS S-II,400000309,Neha Menon
I BA MATHS S-II,400000310,Aishwarya Reddy
I BA MATHS S-II,400000311,Meera Bose
I BA MATHS S-II,400000312,Anaya Verma
I BA MATHS S-II,400000313,Bhavana Singh
I BA MATHS S-II,400000314,Kavya Das
I BA MATHS S-II,400000315,Sai Menon
I BA MATHS S-II,400000316,Priya Verma
I BA MATHS S-II,400000317,Priya Bose
I BA MATHS S-II,400000318,Neha Nair
I BA MATHS S-II,400000319,Aishwarya Chatterjee
I BA MATHS S-II,400000320,Bhavana Reddy
I BA MATHS S-II,400000321,Meera Das
I BA MATHS S-II,400000322,Meera Reddy
I BA MATHS S-II,400000323,Sneha Verma
I BA MATHS S-II,400000324,Isha Rao
I BA MATHS S-II,400000325,Lakshmi Mishra
I BA MATHS S-II,400000326,Vihaan Chatterjee
I BA MATHS S-II,400000327,Neha Patel
I BA MATHS S-II,400000328,Diya Chatterjee
I BA MATHS S-II,400000329,Vivaan Shetty
I BA MATHS S-II,400000330,Vihaan Menon
I BA MATHS S-II,400000331,Bhavana Yadav
I BA MATHS S-II,400000332,Aditya Verma
I BA MATHS S-II,400000333,Bhavana Iyer
I BA MATHS S-II,400000334,Pooja Kumar
I BA MATHS S-II,400000335,Isha Mishra
I BA MATHS S-II,400000336,Vivaan Nair
I BA MATHS S-II,400000337,Bhavana Patel
I BA MATHS S-II,400000338,Lakshmi Bose
I BA MATHS S-II,400000339,Lakshmi Kapoor
I BA MATHS S-II,400000340,Kavya Sharma
I BA MATHS S-II,400000341,Diya Das
I BA MATHS S-II,400000342,Pooja Sharma
I BCOM BIO S-III,400000343,Lakshmi Reddy
I BCOM BIO S-III,400000344,Sneha Rao
I BCOM BIO S-III,400000345,Neha Mishra
I BCOM BIO S-III,400000346,Vihaan Sharma
I BCOM BIO S-III,400000347,Vivaan Sharma
I BCOM BIO S-III,400000348,Riya Ghosh
I BCOM BIO S-III,400000349,Isha Shetty
I BCOM BIO S-III,400000350,Sai Mishra
I BCOM BIO S-III,400000351,Kavya Iyer
I BCOM BIO S-III,400000352,Aarav Thakur
I BCOM BIO S-III,400000353,Krishna Chatterjee
I BCOM BIO S-III,400000354,Lakshmi Mishra
I BCOM BIO S-III,400000355,Neha Singh
I BCOM BIO S-III,400000356,Vivaan Rao
I BCOM BIO S-III,400000357,Priya Reddy
I BCOM BIO S-III,400000358,Meera Kumar
I BCOM BIO S-III,400000359,Riya Shetty
I BCOM BIO S-III,400000360,Arjun Menon
I BCOM BIO S-III,400000361,Pooja Reddy
I BCOM BIO S-III,400000362,Sai Shetty
I BCOM BIO S-III,400000363,Sai Patel
I BCOM BIO S-III,400000364,Vihaan Menon
I BCOM BIO S-III,400000365,Riya Mishra
I BCOM BIO S-III,400000366,Riya Naidu
I BCOM BIO S-III,400000367,Lakshmi Reddy
I BCOM BIO S-III,400000368,Isha Verma
I BCOM BIO S-III,400000369,Kavya Kumar
I BCOM BIO S-III,400000370,Lakshmi Menon
I BCOM BIO S-III,400000371,Meera Rao
I BCOM BIO S-III,400000372,Priya Ghosh
I BCOM BIO S-III,400000373,Aarav Chatterjee
I BCOM BIO S-III,400000374,Isha Naidu
I BCOM BIO S-III,400000375,Vihaan Verma
I BCOM BIO S-III,400000376,Kavya Sharma
I BCOM BIO S-III,400000377,Isha Verma
I BCOM BIO S-III,400000378,Aditya Reddy
II BBA IT S-II,400000379,Bhavana Yadav
II BBA IT S-II,400000380,Lakshmi Naidu
II BBA IT S-II,400000381,Meera Rao
II BBA IT S-II,400000382,Lakshmi Kapoor
II BBA IT S-II,400000383,Diya Rao
II BBA IT S-II,400000384,Sai Ghosh
II BBA IT S-II,400000385,Meera Sharma
II BBA IT S-II,400000386,Aarav Menon
II BBA IT S-II,400000387,Bhavana Ghosh
II BBA IT S-II,400000388,Anaya Patel
II BBA IT S-II,400000389,Neha Sharma
II BBA IT S-II,400000390,Lakshmi Ghosh
II BBA IT S-II,400000391,Sneha Naidu
II BBA IT S-II,400000392,Lakshmi Iyer
II BBA IT S-II,400000393,Priya Thakur
II BBA IT S-II,400000394,Bhavana Sharma
II BBA IT S-II,400000395,Riya Mishra
II BBA IT S-II,400000396,Riya Thakur
II BBA IT S-II,400000397,Meera Shetty
II BBA IT S-II,400000398,Priya Patel
II BBA IT S-II,400000399,Priya Bose
II BBA IT S-II,400000400,Lakshmi Verma
II BBA IT S-II,400000401,Diya Chatterjee
II BBA IT S-II,400000402,Sneha Bose
II BBA IT S-II,400000403,Diya Rao
II BBA IT S-II,400000404,Sneha Sharma
II BBA IT S-II,400000405,Lakshmi Rao
II BBA IT S-II,400000406,Neha Chatterjee
II BBA IT S-II,400000407,Vihaan Menon
II BBA IT S-II,400000408,Aishwarya Menon
II BBA IT S-II,400000409,Vihaan Patel
II BBA IT S-II,400000410,Riya Das
II BBA IT S-II,400000411,Meera Nair
II BBA IT S-II,400000412,Aishwarya Shetty
II BSc GEN S-II,400000413,Diya Iyer
II BSc GEN S-II,400000414,Aishwarya Kapoor
II BSc GEN S-II,400000415,Krishna Patel
II BSc GEN S-II,400000416,Priya Menon
II BSc GEN S-II,400000417,Isha Patel
II BSc GEN S-II,400000418,Bhavana Nair
II BSc GEN S-II,400000419,Pooja Nair
II BSc GEN S-II,400000420,Vihaan Chatterjee
II BSc GEN S-II,400000421,Sneha Chatterjee
II BSc GEN S-II,400000422,Anaya Kumar
II BSc GEN S-II,400000423,Bhavana Naidu
II BSc GEN S-II,400000424,Anaya Mishra
II BSc GEN S-II,400000425,Vivaan Mishra
II BSc GEN S-II,400000426,Vivaan Shetty
II BSc GEN S-II,400000427,Meera Reddy
II BSc GEN S-II,400000428,Sai Nair
II BSc GEN S-II,400000429,Vihaan Mishra
II BSc GEN S-II,400000430,Krishna Yadav
II BSc GEN S-II,400000431,Aishwarya Patel
II BSc GEN S-II,400000432,Vivaan Mishra
II BSc GEN S-II,400000433,Aishwarya Singh
II BSc GEN S-II,400000434,Sneha Kumar
II BSc GEN S-II,400000435,Riya Menon
II BSc GEN S-II,400000436,Sneha Yadav
II BSc GEN S-II,400000437,Krishna Yadav
II BSc GEN S-II,400000438,Aishwarya Reddy
II BSc GEN S-II,400000439,Aditya Ghosh
II BSc GEN S-II,400000440,Vivaan Shetty
II BSc GEN S-II,400000441,Bhavana Iyer
II BSc GEN S-II,400000442,Arjun Kumar
I BCA IT S-III,400000443,Anaya Chatterjee
I BCA IT S-III,400000444,Krishna Menon
I BCA IT S-III,400000445,Aarav Chatterjee
I BCA IT S-III,400000446,Vivaan Naidu
I BCA IT S-III,400000447,Riya Iyer
I BCA IT S-III,400000448,Aishwarya Mishra
I BCA IT S-III,400000449,Neha Yadav
I BCA IT S-III,400000450,Krishna Naidu
I BCA IT S-III,400000451,Vihaan Reddy
I BCA IT S-III,400000452,Diya Patel
I BCA IT S-III,400000453,Pooja Singh
I BCA IT S-III,400000454,Priya Rao
I BCA IT S-III,400000455,Krishna Thakur
I BCA IT S-III,400000456,Isha Verma
I BCA IT S-III,400000457,Pooja Verma
I BCA IT S-III,400000458,Lakshmi Reddy
I BCA IT S-III,400000459,Diya Das
I BCA IT S-III,400000460,Meera Bose
I BCA IT S-III,400000461,Priya Menon
I BCA IT S-III,400000462,Sneha Rao
I BCA IT S-III,400000463,Krishna Bose
I BCA IT S-III,400000464,Sneha Shetty
I BCA IT S-III,400000465,Vivaan Rao
I BCA IT S-III,400000466,Riya Mishra
I BCA IT S-III,400000467,Krishna Verma
I BCA IT S-III,400000468,Bhavana Ghosh
I BCA IT S-III,400000469,Krishna Das
I BCA IT S-III,400000470,Anaya Kumar
I BCA IT S-III,400000471,Aditya Chatterjee
I BCA IT S-III,400000472,Sai Sharma
I BCA IT S-III,400000473,Arjun Menon
I BCA IT S-III,400000474,Vihaan Mishra
I BCA IT S-III,400000475,Aishwarya Patel
I BCA IT S-III,400000476,Riya Naidu
III BCA CS S-IV,400000477,Neha Reddy
III BCA CS S-IV,400000478,Lakshmi Das
III BCA CS S-IV,400000479,Riya Menon
III BCA CS S-IV,400000480,Sai Naidu
III BCA CS S-IV,400000481,Sneha Mishra
III BCA CS S-IV,400000482,Krishna Rao
III BCA CS S-IV,400000483,Kavya Yadav
III BCA CS S-IV,400000484,Priya Patel
III BCA CS S-IV,400000485,Riya Kumar
III BCA CS S-IV,400000486,Arjun Patel
III BCA CS S-IV,400000487,Vivaan Iyer
III BCA CS S-IV,400000488,Krishna Singh
III BCA CS S-IV,400000489,Meera Mishra
III BCA CS S-IV,400000490,Anaya Kapoor
III BCA CS S-IV,400000491,Riya Kapoor
III BCA CS S-IV,400000492,Sai Kapoor
III BCA CS S-IV,400000493,Neha Ghosh
III BCA CS S-IV,400000494,Vivaan Singh
III BCA CS S-IV,400000495,Riya Mishra
III BCA CS S-IV,400000496,Vihaan Singh
III BCA CS S-IV,400000497,Arjun Shetty
III BCA CS S-IV,400000498,Neha Sharma
III BCA CS S-IV,400000499,Anaya Naidu
III BCA CS S-IV,400000500,Bhavana Singh
III BCA CS S-IV,400000501,Vihaan Rao
III BCA CS S-IV,400000502,Aarav Yadav
III BCA CS S-IV,400000503,Aarav Menon
III BCA CS S-IV,400000504,Diya Naidu
III BCA CS S-IV,400000505,Arjun Shetty
III BCA CS S-IV,400000506,Vivaan Naidu
III BBA ENG S-II,400000507,Sai Verma
III BBA ENG S-II,400000508,Pooja Das
III BBA ENG S-II,400000509,Aditya Naidu
III BBA ENG S-II,400000510,Aditya Kapoor
III BBA ENG S-II,400000511,Anaya Yadav
III BBA ENG S-II,400000512,Diya Shetty
III BBA ENG S-II,400000513,Pooja Verma
III BBA ENG S-II,400000514,Neha Naidu
III BBA ENG S-II,400000515,Kavya Thakur
III BBA ENG S-II,400000516,Riya Bose
III BBA ENG S-II,400000517,Lakshmi Mishra
III BBA ENG S-II,400000518,Krishna Thakur
III BBA ENG S-II,400000519,Bhavana Das
III BBA ENG S-II,400000520,Meera Thakur
III BBA ENG S-II,400000521,Anaya Chatterjee
III BBA ENG S-II,400000522,Neha Thakur
III BBA ENG S-II,400000523,Aishwarya Mishra
III BBA ENG S-II,400000524,Aditya Iyer
III BBA ENG S-II,400000525,Lakshmi Ghosh
III BBA ENG S-II,400000526,Kavya Das
III BBA ENG S-II,400000527,Lakshmi Mishra
III BBA ENG S-II,400000528,Vihaan Bose
III BBA ENG S-II,400000529,Diya Chatterjee
III BBA ENG S-II,400000530,Priya Bose
III BBA ENG S-II,400000531,Priya Verma
III BBA ENG S-II,400000532,Arjun Yadav
III BBA ENG S-II,400000533,Sai Sharma
III BBA ENG S-II,400000534,Sneha Chatterjee
III BBA ENG S-II,400000535,Isha Reddy
III BBA ENG S-II,400000536,Meera Thakur
III BBA ENG S-II,400000537,Arjun Patel
III BBA ENG S-II,400000538,Riya Das
III BSc CS S-I,400000539,Sai Singh
III BSc CS S-I,400000540,Kavya Mishra
III BSc CS S-I,400000541,Anaya Patel
III BSc CS S-I,400000542,Diya Mishra
III BSc CS S-I,400000543,Sneha Patel
III BSc CS S-I,400000544,Riya Sharma
III BSc CS S-I,400000545,Kavya Sharma
III BSc CS S-I,400000546,Vivaan Kapoor
III BSc CS S-I,400000547,Priya Kumar
III BSc CS S-I,400000548,Vihaan Bose
III BSc CS S-I,400000549,Vihaan Bose
III BSc CS S-I,400000550,Kavya Das
III BSc CS S-I,400000551,Krishna Naidu
III BSc CS S-I,400000552,Sai Iyer
III BSc CS S-I,400000553,Bhavana Rao
III BSc CS S-I,400000554,Sai Sharma
III BSc CS S-I,400000555,Riya Patel
III BSc CS S-I,400000556,Krishna Patel
III BSc CS S-I,400000557,Neha Reddy
III BSc CS S-I,400000558,Arjun Reddy
III BSc CS S-I,400000559,Krishna Das
III BSc CS S-I,400000560,Bhavana Thakur
III BSc CS S-I,400000561,Aarav Naidu
III BSc CS S-I,400000562,Lakshmi Menon
III BSc CS S-I,400000563,Riya Kapoor
III BSc CS S-I,400000564,Sai Kapoor
III BSc CS S-I,400000565,Riya Verma
III BSc CS S-I,400000566,Bhavana Menon
III BSc CS S-I,400000567,Kavya Rao
III BSc CS S-I,400000568,Arjun Chatterjee
III BSc CS S-I,400000569,Sai Shetty
III BSc CS S-I,400000570,Arjun Verma
III BSc CS S-I,400000571,Aditya Nair
III BSc CS S-I,400000572,Vivaan Reddy
III BSc CS S-I,400000573,Diya Kapoor
III BSc CS S-I,400000574,Aditya Nair
III BSc CS S-I,400000575,Priya Yadav
III BSc CS S-I,400000576,Sneha Bose
III BSc CS S-I,400000577,Priya Shetty
III BSc CS S-I,400000578,Vihaan Thakur
II BCOM PSY S-II,400000579,Sneha Patel
II BCOM PSY S-II,400000580,Meera Sharma
II BCOM PSY S-II,400000581,Pooja Kapoor
II BCOM PSY S-II,400000582,Aishwarya Sharma
II BCOM PSY S-II,400000583,Bhavana Chatterjee
II BCOM PSY S-II,400000584,Vihaan Iyer
II BCOM PSY S-II,400000585,Priya Nair
II BCOM PSY S-II,400000586,Arjun Iyer
II BCOM PSY S-II,400000587,Vihaan Verma
II BCOM PSY S-II,400000588,Meera Patel
II BCOM PSY S-II,400000589,Lakshmi Chatterjee
II BCOM PSY S-II,400000590,Meera Patel
II BCOM PSY S-II,400000591,Vivaan Singh
II BCOM PSY S-II,400000592,Isha Das
II BCOM PSY S-II,400000593,Krishna Patel
II BCOM PSY S-II,400000594,Riya Reddy
II BCOM PSY S-II,400000595,Bhavana Kumar
II BCOM PSY S-II,400000596,Isha Reddy
II BCOM PSY S-II,400000597,Neha Menon
II BCOM PSY S-II,400000598,Sneha Chatterjee
II BCOM PSY S-II,400000599,Neha Shetty
II BCOM PSY S-II,400000600,Aarav Reddy
II BCOM PSY S-II,400000601,Aarav Naidu
II BCOM PSY S-II,400000602,Vivaan Reddy
II BCOM PSY S-II,400000603,Diya Das
II BCOM PSY S-II,400000604,Aditya Kumar
II BCOM PSY S-II,400000605,Kavya Nair
II BCOM PSY S-II,400000606,Priya Ghosh
II BCOM PSY S-II,400000607,Sai Menon
II BCOM PSY S-II,400000608,Isha Rao
II BCOM PSY S-II,400000609,Krishna Bose
II BCOM PSY S-II,400000610,Sneha Iyer
II BCOM PSY S-II,400000611,Kavya Shetty
III BCA IT S-IV,400000612,Vihaan Sharma
III BCA IT S-IV,400000613,Bhavana Patel
III BCA IT S-IV,400000614,Bhavana Ghosh
III BCA IT S-IV,400000615,Kavya Reddy
III BCA IT S-IV,400000616,Riya Ghosh
III BCA IT S-IV,400000617,Aditya Sharma
III BCA IT S-IV,400000618,Pooja Chatterjee
III BCA IT S-IV,400000619,Meera Kapoor
III BCA IT S-IV,400000620,Vihaan Patel
III BCA IT S-IV,400000621,Riya Menon
III BCA IT S-IV,400000622,Kavya Yadav
III BCA IT S-IV,400000623,Sneha Thakur
III BCA IT S-IV,400000624,Vihaan Ghosh
III BCA IT S-IV,400000625,Aishwarya Sharma
III BCA IT S-IV,400000626,Anaya Sharma
III BCA IT S-IV,400000627,Pooja Bose
III BCA IT S-IV,400000628,Isha Das
III BCA IT S-IV,400000629,Isha Thakur
III BCA IT S-IV,400000630,Aarav Kapoor
III BCA IT S-IV,400000631,Krishna Naidu
III BCA IT S-IV,400000632,Anaya Das
III BCA IT S-IV,400000633,Priya Verma
III BCA IT S-IV,400000634,Aarav Nair
III BCA IT S-IV,400000635,Arjun Naidu
III BCA IT S-IV,400000636,Vihaan Nair
III BCA IT S-IV,400000637,Lakshmi Mishra
III BCA IT S-IV,400000638,Bhavana Yadav
III BCA IT S-IV,400000639,Meera Yadav
III BCA IT S-IV,400000640,Arjun Sharma
III BCA IT S-IV,400000641,Diya Naidu
III BCA IT S-IV,400000642,Meera Bose
III BCA IT S-IV,400000643,Lakshmi Mishra
III BCA IT S-IV,400000644,Aishwarya Verma
III BCA IT S-IV,400000645,Bhavana Iyer
III BCA IT S-IV,400000646,Krishna Thakur
III BCA IT S-IV,400000647,Vihaan Reddy
III BCA IT S-IV,400000648,Meera Mishra
III BSc PSY S-II,400000649,Neha Kapoor
III BSc PSY S-II,400000650,Aishwarya Bose
III BSc PSY S-II,400000651,Vihaan Chatterjee
III BSc PSY S-II,400000652,Arjun Thakur
III BSc PSY S-II,400000653,Sneha Mishra
III BSc PSY S-II,400000654,Bhavana Rao
III BSc PSY S-II,400000655,Neha Mishra
III BSc PSY S-II,400000656,Bhavana Singh
III BSc PSY S-II,400000657,Diya Chatterjee
III BSc PSY S-II,400000658,Lakshmi Thakur
III BSc PSY S-II,400000659,Priya Iyer
III BSc PSY S-II,400000660,Meera Das
III BSc PSY S-II,400000661,Diya Bose
III BSc PSY S-II,400000662,Isha Nair
III BSc PSY S-II,400000663,Neha Menon
III BSc PSY S-II,400000664,Meera Mishra
III BSc PSY S-II,400000665,Isha Thakur
III BSc PSY S-II,400000666,Arjun Nair
III BSc PSY S-II,400000667,Krishna Kapoor
III BSc PSY S-II,400000668,Aishwarya Ghosh
III BSc PSY S-II,400000669,Kavya Sharma
III BSc PSY S-II,400000670,Arjun Iyer
III BSc PSY S-II,400000671,Diya Bose
III BSc PSY S-II,400000672,Diya Das
III BSc PSY S-II,400000673,Sai Ghosh
III BSc PSY S-II,400000674,Aishwarya Verma
III BSc PSY S-II,400000675,Arjun Naidu
III BSc PSY S-II,400000676,Diya Bose
III BSc PSY S-II,400000677,Bhavana Naidu
III BSc PSY S-II,400000678,Krishna Reddy
I BCOM ENG S-I,400000679,Sneha Naidu
I BCOM ENG S-I,400000680,Arjun Bose
I BCOM ENG S-I,400000681,Aishwarya Rao
I BCOM ENG S-I,400000682,Sneha Sharma
I BCOM ENG S-I,400000683,Priya Thakur
I BCOM ENG S-I,400000684,Vihaan Patel
I BCOM ENG S-I,400000685,Isha Kapoor
I BCOM ENG S-I,400000686,Aditya Kapoor
I BCOM ENG S-I,400000687,Aishwarya Nair
I BCOM ENG S-I,400000688,Aarav Sharma
I BCOM ENG S-I,400000689,Lakshmi Singh
I BCOM ENG S-I,400000690,Anaya Naidu
I BCOM ENG S-I,400000691,Priya Bose
I BCOM ENG S-I,400000692,Aishwarya Das
I BCOM ENG S-I,400000693,Isha Rao
I BCOM ENG S-I,400000694,Isha Iyer
I BCOM ENG S-I,400000695,Diya Chatterjee
I BCOM ENG S-I,400000696,Priya Chatterjee
I BCOM ENG S-I,400000697,Sneha Naidu
I BCOM ENG S-I,400000698,Pooja Nair
I BCOM ENG S-I,400000699,Arjun Nair
I BCOM ENG S-I,400000700,Meera Iyer
I BCOM ENG S-I,400000701,Kavya Kapoor
I BCOM ENG S-I,400000702,Anaya Mishra
I BCOM ENG S-I,400000703,Arjun Reddy
I BCOM ENG S-I,400000704,Meera Menon
I BCOM ENG S-I,400000705,Sai Menon
I BCOM ENG S-I,400000706,Aishwarya Kumar
I BCOM ENG S-I,400000707,Aarav Kapoor
I BCOM ENG S-I,400000708,Bhavana Mishra
I BCOM ENG S-I,400000709,Meera Reddy
I BCOM ENG S-I,400000710,Sneha Thakur
I BCOM ENG S-I,400000711,Isha Patel
I BCOM ENG S-I,400000712,Pooja Singh
I BCOM ENG S-I,400000713,Arjun Naidu
I BCOM ENG S-I,400000714,Vivaan Iyer
I BCOM ENG S-I,400000715,Lakshmi Kapoor
I BCOM ENG S-I,400000716,Sai Das
I BCOM ENG S-I,400000717,Isha Das
I BCOM ENG S-I,400000718,Aishwarya Bose
III BA CHEM S-IV,400000719,Vivaan Mishra
III BA CHEM S-IV,400000720,Isha Naidu
III BA CHEM S-IV,400000721,Kavya Bose
III BA CHEM S-IV,400000722,Anaya Mishra
III BA CHEM S-IV,400000723,Krishna Shetty
III BA CHEM S-IV,400000724,Kavya Iyer
III BA CHEM S-IV,400000725,Sneha Thakur
III BA CHEM S-IV,400000726,Krishna Menon
III BA CHEM S-IV,400000727,Sneha Bose
III BA CHEM S-IV,400000728,Krishna Menon
III BA CHEM S-IV,400000729,Aditya Sharma
III BA CHEM S-IV,400000730,Riya Sharma
III BA CHEM S-IV,400000731,Priya Naidu
III BA CHEM S-IV,400000732,Neha Reddy
III BA CHEM S-IV,400000733,Lakshmi Naidu
III BA CHEM S-IV,400000734,Lakshmi Mishra
III BA CHEM S-IV,400000735,Arjun Shetty
III BA CHEM S-IV,400000736,Vihaan Shetty
III BA CHEM S-IV,400000737,Vivaan Singh
III BA CHEM S-IV,400000738,Priya Rao
III BA CHEM S-IV,400000739,Arjun Thakur
III BA CHEM S-IV,400000740,Kavya Das
III BA CHEM S-IV,400000741,Aishwarya Menon
III BA CHEM S-IV,400000742,Aishwarya Das
III BA CHEM S-IV,400000743,Neha Menon
III BA CHEM S-IV,400000744,Kavya Chatterjee
III BA CHEM S-IV,400000745,Meera Bose
III BA CHEM S-IV,400000746,Riya Kumar
III BA CHEM S-IV,400000747,Arjun Rao
III BA CHEM S-IV,400000748,Aditya Thakur
III BA CHEM S-IV,400000749,Bhavana Menon
III BA CHEM S-IV,400000750,Priya Reddy
I BSc ENG S-I,400000751,Aditya Chatterjee
I BSc ENG S-I,400000752,Krishna Menon
I BSc ENG S-I,400000753,Bhavana Patel
I BSc ENG S-I,400000754,Pooja Bose
I BSc ENG S-I,400000755,Isha Kapoor
I BSc ENG S-I,400000756,Vihaan Thakur
I BSc ENG S-I,400000757,Sai Thakur
I BSc ENG S-I,400000758,Isha Rao
I BSc ENG S-I,400000759,Aditya Ghosh
I BSc ENG S-I,400000760,Lakshmi Iyer
I BSc ENG S-I,400000761,Sneha Kapoor
I BSc ENG S-I,400000762,Vivaan Shetty
I BSc ENG S-I,400000763,Krishna Bose
I BSc ENG S-I,400000764,Krishna Menon
I BSc ENG S-I,400000765,Riya Yadav
I BSc ENG S-I,400000766,Diya Naidu
I BSc ENG S-I,400000767,Neha Kapoor
I BSc ENG S-I,400000768,Sai Sharma
I BSc ENG S-I,400000769,Pooja Mishra
I BSc ENG S-I,400000770,Lakshmi Nair
I BSc ENG S-I,400000771,Priya Bose
I BSc ENG S-I,400000772,Meera Iyer
I BSc ENG S-I,400000773,Aishwarya Singh
I BSc ENG S-I,400000774,Neha Singh
I BSc ENG S-I,400000775,Neha Sharma
I BSc ENG S-I,400000776,Aishwarya Thakur
I BSc ENG S-I,400000777,Sneha Rao
I BSc ENG S-I,400000778,Lakshmi Verma
I BSc ENG S-I,400000779,Neha Singh
I BSc ENG S-I,400000780,Aishwarya Kapoor
I BSc ENG S-I,400000781,Neha Sharma
I BSc ENG S-I,400000782,Vivaan Das
I BSc ENG S-I,400000783,Krishna Patel
I BSc ENG S-I,400000784,Sneha Mishra
I BSc ENG S-I,400000785,Sneha Sharma
I BSc ENG S-I,400000786,Pooja Kumar
I BCOM CS S-II,400000787,Krishna Thakur
I BCOM CS S-II,400000788,Vivaan Bose
I BCOM CS S-II,400000789,Kavya Bose
I BCOM CS S-II,400000790,Kavya Chatterjee
I BCOM CS S-II,400000791,Pooja Rao
I BCOM CS S-II,400000792,Aishwarya Sharma
I BCOM CS S-II,400000793,Riya Bose
I BCOM CS S-II,400000794,Diya Reddy
I BCOM CS S-II,400000795,Aishwarya Mishra
I BCOM CS S-II,400000796,Arjun Patel
I BCOM CS S-II,400000797,Pooja Mishra
I BCOM CS S-II,400000798,Krishna Mishra
I BCOM CS S-II,400000799,Neha Kapoor
I BCOM CS S-II,400000800,Arjun Patel
I BCOM CS S-II,400000801,Vivaan Iyer
I BCOM CS S-II,400000802,Vihaan Ghosh
I BCOM CS S-II,400000803,Krishna Thakur
I BCOM CS S-II,400000804,Pooja Shetty
I BCOM CS S-II,400000805,Priya Chatterjee
I BCOM CS S-II,400000806,Meera Iyer
I BCOM CS S-II,400000807,Priya Bose
I BCOM CS S-II,400000808,Anaya Kapoor
I BCOM CS S-II,400000809,Krishna Ghosh
I BCOM CS S-II,400000810,Bhavana Iyer
I BCOM CS S-II,400000811,Arjun Naidu
I BCOM CS S-II,400000812,Meera Kapoor
I BCOM CS S-II,400000813,Krishna Mishra
I BCOM CS S-II,400000814,Vihaan Yadav
I BCOM CS S-II,400000815,Priya Thakur
I BCOM CS S-II,400000816,Krishna Ghosh
I BCOM CS S-II,400000817,Diya Verma
I BCOM CS S-II,400000818,Anaya Das
I BCOM CS S-II,400000819,Aditya Nair
I BCOM CS S-II,400000820,Lakshmi Thakur
I BCOM CS S-II,400000821,Sneha Rao
I BCOM CS S-II,400000822,Riya Verma
I BCOM CS S-II,400000823,Vivaan Mishra
III BA CS S-III,400000824,Arjun Reddy
III BA CS S-III,400000825,Lakshmi Singh
III BA CS S-III,400000826,Riya Naidu
III BA CS S-III,400000827,Vihaan Mishra
III BA CS S-III,400000828,Pooja Mishra
III BA CS S-III,400000829,Vihaan Sharma
III BA CS S-III,400000830,Krishna Bose
III BA CS S-III,400000831,Sai Rao
III BA CS S-III,400000832,Aishwarya Reddy
III BA CS S-III,400000833,Pooja Nair
III BA CS S-III,400000834,Krishna Thakur
III BA CS S-III,400000835,Anaya Das
III BA CS S-III,400000836,Aarav Naidu
III BA CS S-III,400000837,Anaya Kumar
III BA CS S-III,400000838,Aditya Kapoor
III BA CS S-III,400000839,Sai Yadav
III BA CS S-III,400000840,Krishna Mishra
III BA CS S-III,400000841,Sai Naidu
III BA CS S-III,400000842,Arjun Bose
III BA CS S-III,400000843,Vihaan Reddy
III BA CS S-III,400000844,Sneha Kumar
III BA CS S-III,400000845,Isha Patel
III BA CS S-III,400000846,Kavya Yadav
III BA CS S-III,400000847,Vihaan Naidu
III BA CS S-III,400000848,Diya Bose
III BA CS S-III,400000849,Meera Mishra
III BA CS S-III,400000850,Isha Kapoor
III BA CS S-III,400000851,Priya Rao
III BA CS S-III,400000852,Bhavana Nair
III BA CS S-III,400000853,Priya Patel
III BA CS S-III,400000854,Isha Iyer
III BA CS S-III,400000855,Riya Thakur
III BA CS S-III,400000856,Priya Reddy
III BCOM CS S-III,400000857,Pooja Sharma
III BCOM CS S-III,400000858,Anaya Kapoor
III BCOM CS S-III,400000859,Isha Reddy
III BCOM CS S-III,400000860,Vihaan Verma
III BCOM CS S-III,400000861,Aarav Rao
III BCOM CS S-III,400000862,Vivaan Naidu
III BCOM CS S-III,400000863,Aishwarya Chatterjee
III BCOM CS S-III,400000864,Sai Bose
III BCOM CS S-III,400000865,Isha Nair
III BCOM CS S-III,400000866,Bhavana Yadav
III BCOM CS S-III,400000867,Priya Nair
III BCOM CS S-III,400000868,Arjun Chatterjee
III BCOM CS S-III,400000869,Diya Yadav
III BCOM CS S-III,400000870,Neha Shetty
III BCOM CS S-III,400000871,Vihaan Iyer
III BCOM CS S-III,400000872,Bhavana Verma
III BCOM CS S-III,400000873,Aarav Yadav
III BCOM CS S-III,400000874,Kavya Chatterjee
III BCOM CS S-III,400000875,Aditya Kumar
III BCOM CS S-III,400000876,Sai Reddy
III BCOM CS S-III,400000877,Aishwarya Kumar
III BCOM CS S-III,400000878,Anaya Ghosh
III BCOM CS S-III,400000879,Aishwarya Mishra
III BCOM CS S-III,400000880,Vihaan Iyer
III BCOM CS S-III,400000881,Pooja Mishra
III BCOM CS S-III,400000882,Kavya Kumar
III BCOM CS S-III,400000883,Meera Singh
III BCOM CS S-III,400000884,Diya Chatterjee
III BCOM CS S-III,400000885,Priya Sharma
III BCOM CS S-III,400000886,Diya Kapoor
III BCOM CS S-III,400000887,Sneha Naidu
III BCOM CS S-III,400000888,Krishna Thakur
III BSc IT S-IV,400000889,Riya Sharma
III BSc IT S-IV,400000890,Anaya Mishra
III BSc IT S-IV,400000891,Riya Verma
III BSc IT S-IV,400000892,Meera Menon
III BSc IT S-IV,400000893,Priya Das
III BSc IT S-IV,400000894,Neha Reddy
III BSc IT S-IV,400000895,Sneha Chatterjee
III BSc IT S-IV,400000896,Kavya Menon
III BSc IT S-IV,400000897,Pooja Sharma
III BSc IT S-IV,400000898,Bhavana Sharma
III BSc IT S-IV,400000899,Aarav Nair
III BSc IT S-IV,400000900,Lakshmi Thakur
III BSc IT S-IV,400000901,Meera Kumar
III BSc IT S-IV,400000902,Aishwarya Kumar
III BSc IT S-IV,400000903,Aditya Bose
III BSc IT S-IV,400000904,Sneha Thakur
III BSc IT S-IV,400000905,Meera Menon
III BSc IT S-IV,400000906,Aarav Yadav
III BSc IT S-IV,400000907,Krishna Iyer
III BSc IT S-IV,400000908,Neha Reddy
III BSc IT S-IV,400000909,Lakshmi Chatterjee
III BSc IT S-IV,400000910,Lakshmi Reddy
III BSc IT S-IV,400000911,Sai Shetty
III BSc IT S-IV,400000912,Riya Patel
III BSc IT S-IV,400000913,Priya Verma
III BSc IT S-IV,400000914,Krishna Ghosh
III BSc IT S-IV,400000915,Krishna Iyer
III BSc IT S-IV,400000916,Sneha Iyer
III BSc IT S-IV,400000917,Bhavana Rao
III BSc IT S-IV,400000918,Aarav Kapoor
III BSc IT S-IV,400000919,Sai Reddy
III BSc IT S-IV,400000920,Vihaan Ghosh
III BSc IT S-IV,400000921,Isha Mishra
III BSc IT S-IV,400000922,Sai Verma
III BSc IT S-IV,400000923,Arjun Chatterjee
III BSc IT S-IV,400000924,Riya Naidu
III BSc IT S-IV,400000925,Riya Ghosh
III BSc IT S-IV,400000926,Krishna Sharma
I BCA CHEM S-I,400000927,Krishna Naidu
I BCA CHEM S-I,400000928,Aarav Chatterjee
I BCA CHEM S-I,400000929,Isha Ghosh
I BCA CHEM S-I,400000930,Isha Iyer
I BCA CHEM S-I,400000931,Neha Iyer
I BCA CHEM S-I,400000932,Priya Sharma
I BCA CHEM S-I,400000933,Lakshmi Thakur
I BCA CHEM S-I,400000934,Meera Naidu
I BCA CHEM S-I,400000935,Arjun Thakur
I BCA CHEM S-I,400000936,Priya Sharma
I BCA CHEM S-I,400000937,Arjun Sharma
I BCA CHEM S-I,400000938,Pooja Ghosh
I BCA CHEM S-I,400000939,Arjun Reddy
I BCA CHEM S-I,400000940,Bhavana Sharma
I BCA CHEM S-I,400000941,Isha Thakur
I BCA CHEM S-I,400000942,Sai Kumar
I BCA CHEM S-I,400000943,Bhavana Reddy
I BCA CHEM S-I,400000944,Lakshmi Shetty
I BCA CHEM S-I,400000945,Krishna Sharma
I BCA CHEM S-I,400000946,Riya Patel
I BCA CHEM S-I,400000947,Bhavana Reddy
I BCA CHEM S-I,400000948,Aditya Chatterjee
I BCA CHEM S-I,400000949,Lakshmi Verma
I BCA CHEM S-I,400000950,Bhavana Yadav
I BCA CHEM S-I,400000951,Anaya Iyer
I BCA CHEM S-I,400000952,Bhavana Kumar
I BCA CHEM S-I,400000953,Pooja Thakur
I BCA CHEM S-I,400000954,Arjun Ghosh
I BCA CHEM S-I,400000955,Priya Menon
I BCA CHEM S-I,400000956,Neha Yadav
I BCA CHEM S-I,400000957,Riya Singh
I BCA CHEM S-I,400000958,Aditya Mishra
I BCA CHEM S-I,400000959,Diya Patel
I BCA CHEM S-I,400000960,Priya Patel
I BCA CHEM S-I,400000961,Aarav Patel
I BCA CHEM S-I,400000962,Isha Chatterjee
I BCA CHEM S-I,400000963,Lakshmi Iyer
I BCA CHEM S-I,400000964,Priya Thakur
I BCA GEN S-II,400000965,Sai Sharma
I BCA GEN S-II,400000966,Lakshmi Thakur
I BCA GEN S-II,400000967,Sneha Sharma
I BCA GEN S-II,400000968,Pooja Mishra
I BCA GEN S-II,400000969,Sai Sharma
I BCA GEN S-II,400000970,Sai Kapoor
I BCA GEN S-II,400000971,Vivaan Chatterjee
I BCA GEN S-II,400000972,Lakshmi Singh
I BCA GEN S-II,400000973,Anaya Verma
I BCA GEN S-II,400000974,Sai Reddy
I BCA GEN S-II,400000975,Anaya Reddy
I BCA GEN S-II,400000976,Aishwarya Singh
I BCA GEN S-II,400000977,Lakshmi Sharma
I BCA GEN S-II,400000978,Lakshmi Kapoor
I BCA GEN S-II,400000979,Sai Verma
I BCA GEN S-II,400000980,Aishwarya Das
I BCA GEN S-II,400000981,Bhavana Rao
I BCA GEN S-II,400000982,Sneha Ghosh
I BCA GEN S-II,400000983,Krishna Naidu
I BCA GEN S-II,400000984,Aishwarya Iyer
I BCA GEN S-II,400000985,Aishwarya Bose
I BCA GEN S-II,400000986,Krishna Mishra
I BCA GEN S-II,400000987,Vivaan Kumar
I BCA GEN S-II,400000988,Aarav Singh
I BCA GEN S-II,400000989,Sai Verma
I BCA GEN S-II,400000990,Sai Verma
I BCA GEN S-II,400000991,Priya Das
I BCA GEN S-II,400000992,Arjun Yadav
I BCA GEN S-II,400000993,Anaya Menon
I BCA GEN S-II,400000994,Neha Thakur
I BCA GEN S-II,400000995,Anaya Menon
I BCA GEN S-II,400000996,Neha Das
I BCA GEN S-II,400000997,Kavya Sharma
III BBA CS S-IV,400000998,Riya Naidu
III BBA CS S-IV,400000999,Aditya Rao
III BBA CS S-IV,400001000,Pooja Patel
III BBA CS S-IV,400001001,Lakshmi Kumar
III BBA CS S-IV,400001002,Aarav Reddy
III BBA CS S-IV,400001003,Diya Reddy
III BBA CS S-IV,400001004,Neha Bose
III BBA CS S-IV,400001005,Bhavana Menon
III BBA CS S-IV,400001006,Sai Iyer
III BBA CS S-IV,400001007,Pooja Patel
III BBA CS S-IV,400001008,Pooja Iyer
III BBA CS S-IV,400001009,Sneha Kumar
III BBA CS S-IV,400001010,Pooja Reddy
III BBA CS S-IV,400001011,Neha Shetty
III BBA CS S-IV,400001012,Aishwarya Yadav
III BBA CS S-IV,400001013,Arjun Das
III BBA CS S-IV,400001014,Diya Reddy
III BBA CS S-IV,400001015,Meera Rao
III BBA CS S-IV,400001016,Isha Kumar
III BBA CS S-IV,400001017,Priya Thakur
III BBA CS S-IV,400001018,Meera Verma
III BBA CS S-IV,400001019,Aarav Das
III BBA CS S-IV,400001020,Diya Nair
III BBA CS S-IV,400001021,Meera Verma
III BBA CS S-IV,400001022,Pooja Shetty
III BBA CS S-IV,400001023,Diya Reddy
III BBA CS S-IV,400001024,Bhavana Singh
III BBA CS S-IV,400001025,Pooja Chatterjee
III BBA CS S-IV,400001026,Sneha Patel
III BBA CS S-IV,400001027,Isha Sharma
III BBA CS S-IV,400001028,Vihaan Ghosh
III BBA CS S-IV,400001029,Riya Nair
III BBA CS S-IV,400001030,Priya Kumar
III BBA CS S-IV,400001031,Diya Menon
III BBA CS S-IV,400001032,Aditya Verma
III BBA CS S-IV,400001033,Sneha Menon
III BBA CS S-IV,400001034,Meera Verma
I BCOM MATHS S-II,400001035,Aishwarya Yadav
I BCOM MATHS S-II,400001036,Bhavana Shetty
I BCOM MATHS S-II,400001037,Vivaan Kapoor
I BCOM MATHS S-II,400001038,Anaya Iyer
I BCOM MATHS S-II,400001039,Riya Mishra
I BCOM MATHS S-II,400001040,Aishwarya Nair
I BCOM MATHS S-II,400001041,Sneha Thakur
I BCOM MATHS S-II,400001042,Aishwarya Das
I BCOM MATHS S-II,400001043,Aishwarya Kapoor
I BCOM MATHS S-II,400001044,Arjun Menon
I BCOM MATHS S-II,400001045,Anaya Naidu
I BCOM MATHS S-II,400001046,Lakshmi Naidu
I BCOM MATHS S-II,400001047,Meera Chatterjee
I BCOM MATHS S-II,400001048,Krishna Patel
I BCOM MATHS S-II,400001049,Sai Kumar
I BCOM MATHS S-II,400001050,Sai Singh
I BCOM MATHS S-II,400001051,Anaya Chatterjee
I BCOM MATHS S-II,400001052,Vihaan Thakur
I BCOM MATHS S-II,400001053,Meera Thakur
I BCOM MATHS S-II,400001054,Krishna Bose
I BCOM MATHS S-II,400001055,Bhavana Das
I BCOM MATHS S-II,400001056,Neha Rao
I BCOM MATHS S-II,400001057,Isha Singh
I BCOM MATHS S-II,400001058,Bhavana Rao
I BCOM MATHS S-II,400001059,Priya Nair
I BCOM MATHS S-II,400001060,Diya Thakur
I BCOM MATHS S-II,400001061,Meera Das
I BCOM MATHS S-II,400001062,Aarav Yadav
I BCOM MATHS S-II,400001063,Lakshmi Bose
I BCOM MATHS S-II,400001064,Isha Mishra
I BCOM MATHS S-II,400001065,Neha Mishra
I BCOM MATHS S-II,400001066,Priya Thakur
I BCOM MATHS S-II,400001067,Kavya Mishra
I BCOM MATHS S-II,400001068,Bhavana Iyer
I BCOM MATHS S-II,400001069,Sai Mishra
III BA PSY S-II,400001070,Aishwarya Shetty
III BA PSY S-II,400001071,Sneha Verma
III BA PSY S-II,400001072,Aditya Singh
III BA PSY S-II,400001073,Bhavana Bose
III BA PSY S-II,400001074,Neha Patel
III BA PSY S-II,400001075,Krishna Bose
III BA PSY S-II,400001076,Sai Iyer
III BA PSY S-II,400001077,Vihaan Kumar
III BA PSY S-II,400001078,Neha Reddy
III BA PSY S-II,400001079,Kavya Nair
III BA PSY S-II,400001080,Priya Patel
III BA PSY S-II,400001081,Krishna Ghosh
III BA PSY S-II,400001082,Meera Ghosh
III BA PSY S-II,400001083,Sneha Bose
III BA PSY S-II,400001084,Sai Naidu
III BA PSY S-II,400001085,Krishna Das
III BA PSY S-II,400001086,Pooja Rao
III BA PSY S-II,400001087,Sneha Thakur
III BA PSY S-II,400001088,Priya Menon
III BA PSY S-II,400001089,Aditya Shetty
III BA PSY S-II,400001090,Aishwarya Mishra
III BA PSY S-II,400001091,Sai Patel
III BA PSY S-II,400001092,Sai Ghosh
III BA PSY S-II,400001093,Anaya Menon
III BA PSY S-II,400001094,Meera Kapoor
III BA PSY S-II,400001095,Priya Verma
III BA PSY S-II,400001096,Aarav Das
III BA PSY S-II,400001097,Neha Patel
III BA PSY S-II,400001098,Arjun Shetty
III BA PSY S-II,400001099,Anaya Singh
III BA PSY S-II,400001100,Vihaan Das
III BA PSY S-II,400001101,Arjun Iyer
III BA PSY S-II,400001102,Meera Chatterjee
III BA PSY S-II,400001103,Neha Menon
III BA PSY S-II,400001104,Neha Ghosh
III BA PSY S-II,400001105,Meera Menon
III BA PSY S-II,400001106,Sai Singh
III BA PSY S-II,400001107,Neha Naidu
III BA PSY S-II,400001108,Isha Reddy
III BA PSY S-II,400001109,Anaya Yadav
I BSc MATHS S-I,400001110,Bhavana Chatterjee
I BSc MATHS S-I,400001111,Diya Menon
I BSc MATHS S-I,400001112,Aishwarya Naidu
I BSc MATHS S-I,400001113,Isha Menon
I BSc MATHS S-I,400001114,Kavya Reddy
I BSc MATHS S-I,400001115,Vivaan Iyer
I BSc MATHS S-I,400001116,Sai Yadav
I BSc MATHS S-I,400001117,Pooja Patel
I BSc MATHS S-I,400001118,Sai Kumar
I BSc MATHS S-I,400001119,Neha Kapoor
I BSc MATHS S-I,400001120,Sneha Thakur
I BSc MATHS S-I,400001121,Diya Patel
I BSc MATHS S-I,400001122,Kavya Naidu
I BSc MATHS S-I,400001123,Aishwarya Ghosh
I BSc MATHS S-I,400001124,Pooja Rao
I BSc MATHS S-I,400001125,Lakshmi Menon
I BSc MATHS S-I,400001126,Anaya Reddy
I BSc MATHS S-I,400001127,Priya Mishra
I BSc MATHS S-I,400001128,Neha Rao
I BSc MATHS S-I,400001129,Kavya Patel
I BSc MATHS S-I,400001130,Sai Thakur
I BSc MATHS S-I,400001131,Priya Ghosh
I BSc MATHS S-I,400001132,Anaya Verma
I BSc MATHS S-I,400001133,Aarav Sharma
I BSc MATHS S-I,400001134,Vihaan Mishra
I BSc MATHS S-I,400001135,Krishna Bose
I BSc MATHS S-I,400001136,Sai Singh
I BSc MATHS S-I,400001137,Neha Verma
I BSc MATHS S-I,400001138,Sneha Chatterjee
I BSc MATHS S-I,400001139,Arjun Iyer
I BSc MATHS S-I,400001140,Vihaan Singh
I BSc MATHS S-I,400001141,Bhavana Rao
I BSc MATHS S-I,400001142,Aarav Kumar
I BSc MATHS S-I,400001143,Aarav Sharma
I BSc MATHS S-I,400001144,Aishwarya Shetty
II BSc IT S-I,400001145,Aarav Das
II BSc IT S-I,400001146,Lakshmi Menon
II BSc IT S-I,400001147,Arjun Singh
II BSc IT S-I,400001148,Sneha Menon
II BSc IT S-I,400001149,Sai Sharma
II BSc IT S-I,400001150,Aishwarya Ghosh
II BSc IT S-I,400001151,Meera Rao
II BSc IT S-I,400001152,Krishna Reddy
II BSc IT S-I,400001153,Vivaan Kapoor
II BSc IT S-I,400001154,Isha Kumar
II BSc IT S-I,400001155,Meera Das
II BSc IT S-I,400001156,Lakshmi Sharma
II BSc IT S-I,400001157,Aarav Kapoor
II BSc IT S-I,400001158,Diya Patel
II BSc IT S-I,400001159,Neha Yadav
II BSc IT S-I,400001160,Anaya Naidu
II BSc IT S-I,400001161,Aditya Verma
II BSc IT S-I,400001162,Sai Yadav
II BSc IT S-I,400001163,Bhavana Patel
II BSc IT S-I,400001164,Aishwarya Naidu
II BSc IT S-I,400001165,Aarav Sharma
II BSc IT S-I,400001166,Anaya Ghosh
II BSc IT S-I,400001167,Bhavana Menon
II BSc IT S-I,400001168,Lakshmi Rao
II BSc IT S-I,400001169,Diya Verma
II BSc IT S-I,400001170,Lakshmi Kumar
II BSc IT S-I,400001171,Meera Nair
II BSc IT S-I,400001172,Krishna Nair
II BSc IT S-I,400001173,Priya Rao
II BSc IT S-I,400001174,Lakshmi Nair
II BSc IT S-I,400001175,Sai Iyer
II BSc IT S-I,400001176,Isha Iyer
II BSc IT S-I,400001177,Vihaan Iyer
III BA MATHS S-I,400001178,Kavya Naidu
III BA MATHS S-I,400001179,Anaya Bose
III BA MATHS S-I,400001180,Priya Shetty
III BA MATHS S-I,400001181,Aarav Thakur
III BA MATHS S-I,400001182,Meera Kapoor
III BA MATHS S-I,400001183,Neha Chatterjee
III BA MATHS S-I,400001184,Arjun Kumar
III BA MATHS S-I,400001185,Lakshmi Shetty
III BA MATHS S-I,400001186,Aditya Rao
III BA MATHS S-I,400001187,Sai Patel
III BA MATHS S-I,400001188,Aditya Shetty
III BA MATHS S-I,400001189,Isha Verma
III BA MATHS S-I,400001190,Sai Reddy
III BA MATHS S-I,400001191,Aditya Thakur
III BA MATHS S-I,400001192,Kavya Nair
III BA MATHS S-I,400001193,Riya Das
III BA MATHS S-I,400001194,Isha Naidu
III BA MATHS S-I,400001195,Anaya Singh
III BA MATHS S-I,400001196,Arjun Thakur
III BA MATHS S-I,400001197,Vivaan Kapoor
III BA MATHS S-I,400001198,Vivaan Ghosh
III BA MATHS S-I,400001199,Vihaan Kapoor
III BA MATHS S-I,400001200,Sneha Mishra
III BA MATHS S-I,400001201,Bhavana Menon
III BA MATHS S-I,400001202,Anaya Reddy
III BA MATHS S-I,400001203,Vihaan Iyer
III BA MATHS S-I,400001204,Vihaan Ghosh
III BA MATHS S-I,400001205,Sneha Ghosh
III BA MATHS S-I,400001206,Sai Kumar
III BA MATHS S-I,400001207,Neha Shetty
II BCA IT S-I,400001208,Vihaan Kumar
II BCA IT S-I,400001209,Kavya Sharma
II BCA IT S-I,400001210,Bhavana Das
II BCA IT S-I,400001211,Isha Iyer
II BCA IT S-I,400001212,Anaya Singh
II BCA IT S-I,400001213,Bhavana Kumar
II BCA IT S-I,400001214,Vivaan Iyer
II BCA IT S-I,400001215,Vihaan Verma
II BCA IT S-I,400001216,Sai Yadav
II BCA IT S-I,400001217,Neha Nair
II BCA IT S-I,400001218,Diya Shetty
II BCA IT S-I,400001219,Aarav Yadav
II BCA IT S-I,400001220,Priya Ghosh
II BCA IT S-I,400001221,Vihaan Reddy
II BCA IT S-I,400001222,Pooja Yadav
II BCA IT S-I,400001223,Anaya Yadav
II BCA IT S-I,400001224,Sneha Rao
II BCA IT S-I,400001225,Diya Ghosh
II BCA IT S-I,400001226,Priya Bose
II BCA IT S-I,400001227,Isha Kapoor
II BCA IT S-I,400001228,Neha Das
II BCA IT S-I,400001229,Kavya Menon
II BCA IT S-I,400001230,Vihaan Sharma
II BCA IT S-I,400001231,Arjun Chatterjee
II BCA IT S-I,400001232,Arjun Ghosh
II BCA IT S-I,400001233,Diya Shetty
II BCA IT S-I,400001234,Vivaan Mishra
II BCA IT S-I,400001235,Lakshmi Menon
II BCA IT S-I,400001236,Krishna Rao
II BCA IT S-I,400001237,Sneha Patel
II BCA IT S-I,400001238,Pooja Yadav
II BCA IT S-I,400001239,Sneha Bose
II BA MATHS S-III,400001240,Aishwarya Menon
II BA MATHS S-III,400001241,Vihaan Bose
II BA MATHS S-III,400001242,Vivaan Naidu
II BA MATHS S-III,400001243,Sneha Naidu
II BA MATHS S-III,400001244,Sneha Sharma
II BA MATHS S-III,400001245,Krishna Das
II BA MATHS S-III,400001246,Vihaan Shetty
II BA MATHS S-III,400001247,Aishwarya Mishra
II BA MATHS S-III,400001248,Krishna Verma
II BA MATHS S-III,400001249,Riya Naidu
II BA MATHS S-III,400001250,Vihaan Nair
II BA MATHS S-III,400001251,Kavya Mishra
II BA MATHS S-III,400001252,Sai Rao
II BA MATHS S-III,400001253,Isha Patel
II BA MATHS S-III,400001254,Riya Shetty
II BA MATHS S-III,400001255,Vihaan Kapoor
II BA MATHS S-III,400001256,Sai Bose
II BA MATHS S-III,400001257,Arjun Chatterjee
II BA MATHS S-III,400001258,Diya Ghosh
II BA MATHS S-III,400001259,Aditya Reddy
II BA MATHS S-III,400001260,Kavya Ghosh
II BA MATHS S-III,400001261,Vihaan Rao
II BA MATHS S-III,400001262,Anaya Yadav
II BA MATHS S-III,400001263,Isha Nair
II BA MATHS S-III,400001264,Sneha Nair
II BA MATHS S-III,400001265,Priya Verma
II BA MATHS S-III,400001266,Aishwarya Verma
II BA MATHS S-III,400001267,Lakshmi Naidu
II BA MATHS S-III,400001268,Vihaan Nair
II BA MATHS S-III,400001269,Kavya Verma
II BA MATHS S-III,400001270,Kavya Reddy
II BA MATHS S-III,400001271,Lakshmi Bose
II BA MATHS S-III,400001272,Krishna Verma
II BA MATHS S-III,400001273,Anaya Kumar
II BA MATHS S-III,400001274,Arjun Chatterjee
II BA MATHS S-III,400001275,Aarav Mishra
II BA MATHS S-III,400001276,Riya Naidu
II BA MATHS S-III,400001277,Aishwarya Shetty
II BA MATHS S-III,400001278,Sneha Sharma
I BSc PSY S-I,400001279,Sneha Sharma
I BSc PSY S-I,400001280,Meera Sharma
I BSc PSY S-I,400001281,Kavya Chatterjee
I BSc PSY S-I,400001282,Priya Reddy
I BSc PSY S-I,400001283,Diya Chatterjee
I BSc PSY S-I,400001284,Aarav Kumar
I BSc PSY S-I,400001285,Diya Nair
I BSc PSY S-I,400001286,Sneha Sharma
I BSc PSY S-I,400001287,Aishwarya Kumar
I BSc PSY S-I,400001288,Bhavana Menon
I BSc PSY S-I,400001289,Diya Ghosh
I BSc PSY S-I,400001290,Vivaan Ghosh
I BSc PSY S-I,400001291,Krishna Das
I BSc PSY S-I,400001292,Bhavana Singh
I BSc PSY S-I,400001293,Bhavana Rao
I BSc PSY S-I,400001294,Pooja Rao
I BSc PSY S-I,400001295,Aditya Mishra
I BSc PSY S-I,400001296,Aarav Mishra
I BSc PSY S-I,400001297,Aishwarya Bose
I BSc PSY S-I,400001298,Kavya Kumar
I BSc PSY S-I,400001299,Priya Reddy
I BSc PSY S-I,400001300,Anaya Verma
I BSc PSY S-I,400001301,Priya Patel
I BSc PSY S-I,400001302,Sneha Bose
I BSc PSY S-I,400001303,Meera Chatterjee
I BSc PSY S-I,400001304,Lakshmi Yadav
I BSc PSY S-I,400001305,Sneha Rao
I BSc PSY S-I,400001306,Isha Patel
I BSc PSY S-I,400001307,Sai Iyer
I BSc PSY S-I,400001308,Krishna Rao
I BSc PSY S-I,400001309,Arjun Bose
I BSc PSY S-I,400001310,Riya Menon
I BSc PSY S-I,400001311,Krishna Nair
I BSc PSY S-I,400001312,Arjun Iyer
I BSc PSY S-I,400001313,Bhavana Ghosh
I BSc PSY S-I,400001314,Diya Patel
I BSc PSY S-I,400001315,Riya Shetty
I BSc PSY S-I,400001316,Riya Verma
I BSc PSY S-I,400001317,Anaya Thakur
I BA BIO S-III,400001318,Sai Yadav
I BA BIO S-III,400001319,Bhavana Menon
I BA BIO S-III,400001320,Meera Kapoor
I BA BIO S-III,400001321,Sneha Mishra
I BA BIO S-III,400001322,Bhavana Thakur
I BA BIO S-III,400001323,Priya Kapoor
I BA BIO S-III,400001324,Aditya Kumar
I BA BIO S-III,400001325,Riya Reddy
I BA BIO S-III,400001326,Kavya Bose
I BA BIO S-III,400001327,Riya Naidu
I BA BIO S-III,400001328,Krishna Reddy
I BA BIO S-III,400001329,Diya Mishra
I BA BIO S-III,400001330,Aarav Thakur
I BA BIO S-III,400001331,Lakshmi Kapoor
I BA BIO S-III,400001332,Lakshmi Das
I BA BIO S-III,400001333,Meera Mishra
I BA BIO S-III,400001334,Diya Bose
I BA BIO S-III,400001335,Aishwarya Iyer
I BA BIO S-III,400001336,Riya Shetty
I BA BIO S-III,400001337,Diya Das
I BA BIO S-III,400001338,Pooja Menon
I BA BIO S-III,400001339,Isha Nair
I BA BIO S-III,400001340,Sai Nair
I BA BIO S-III,400001341,Diya Rao
I BA BIO S-III,400001342,Kavya Mishra
I BA BIO S-III,400001343,Anaya Ghosh
I BA BIO S-III,400001344,Pooja Nair
I BA BIO S-III,400001345,Kavya Ghosh
I BA BIO S-III,400001346,Aditya Chatterjee
I BA BIO S-III,400001347,Aarav Mishra
I BA BIO S-III,400001348,Bhavana Patel
I BA BIO S-III,400001349,Sneha Shetty
I BA BIO S-III,400001350,Aarav Singh
I BA BIO S-III,400001351,Vivaan Bose
I BA BIO S-III,400001352,Bhavana Das
I BA BIO S-III,400001353,Sai Nair
I BA BIO S-III,400001354,Krishna Sharma
I BA BIO S-III,400001355,Aarav Mishra
III BCOM GEN S-IV,400001356,Vivaan Kumar
III BCOM GEN S-IV,400001357,Isha Sharma
III BCOM GEN S-IV,400001358,Arjun Ghosh
III BCOM GEN S-IV,400001359,Arjun Ghosh
III BCOM GEN S-IV,400001360,Bhavana Das
III BCOM GEN S-IV,400001361,Krishna Kapoor
III BCOM GEN S-IV,400001362,Meera Chatterjee
III BCOM GEN S-IV,400001363,Pooja Reddy
III BCOM GEN S-IV,400001364,Arjun Yadav
III BCOM GEN S-IV,400001365,Vihaan Naidu
III BCOM GEN S-IV,400001366,Diya Das
III BCOM GEN S-IV,400001367,Anaya Reddy
III BCOM GEN S-IV,400001368,Riya Nair
III BCOM GEN S-IV,400001369,Krishna Naidu
III BCOM GEN S-IV,400001370,Isha Ghosh
III BCOM GEN S-IV,400001371,Kavya Chatterjee
III BCOM GEN S-IV,400001372,Priya Yadav
III BCOM GEN S-IV,400001373,Sneha Patel
III BCOM GEN S-IV,400001374,Pooja Kumar
III BCOM GEN S-IV,400001375,Sai Nair
III BCOM GEN S-IV,400001376,Sai Nair
III BCOM GEN S-IV,400001377,Lakshmi Reddy
III BCOM GEN S-IV,400001378,Priya Nair
III BCOM GEN S-IV,400001379,Diya Mishra
III BCOM GEN S-IV,400001380,Arjun Iyer
III BCOM GEN S-IV,400001381,Krishna Shetty
III BCOM GEN S-IV,400001382,Lakshmi Naidu
III BCOM GEN S-IV,400001383,Aarav Ghosh
III BCOM GEN S-IV,400001384,Sai Thakur
III BCOM GEN S-IV,400001385,Lakshmi Patel
III BCOM GEN S-IV,400001386,Lakshmi Patel
III BA GEN S-II,400001387,Lakshmi Nair
III BA GEN S-II,400001388,Vihaan Yadav
III BA GEN S-II,400001389,Aditya Menon
III BA GEN S-II,400001390,Aishwarya Iyer
III BA GEN S-II,400001391,Vivaan Menon
III BA GEN S-II,400001392,Sai Reddy
III BA GEN S-II,400001393,Pooja Mishra
III BA GEN S-II,400001394,Bhavana Kumar
III BA GEN S-II,400001395,Sai Thakur
III BA GEN S-II,400001396,Riya Yadav
III BA GEN S-II,400001397,Riya Verma
III BA GEN S-II,400001398,Sai Kapoor
III BA GEN S-II,400001399,Sai Iyer
III BA GEN S-II,400001400,Meera Rao
III BA GEN S-II,400001401,Aarav Patel
III BA GEN S-II,400001402,Riya Menon
III BA GEN S-II,400001403,Aishwarya Iyer
III BA GEN S-II,400001404,Meera Verma
III BA GEN S-II,400001405,Krishna Bose
III BA GEN S-II,400001406,Meera Das
III BA GEN S-II,400001407,Anaya Singh
III BA GEN S-II,400001408,Bhavana Kapoor
III BA GEN S-II,400001409,Arjun Patel
III BA GEN S-II,400001410,Pooja Chatterjee
III BA GEN S-II,400001411,Priya Singh
III BA GEN S-II,400001412,Aarav Iyer
III BA GEN S-II,400001413,Bhavana Kapoor
III BA GEN S-II,400001414,Sai Verma
III BA GEN S-II,400001415,Arjun Rao
III BA GEN S-II,400001416,Pooja Sharma
III BA GEN S-II,400001417,Aishwarya Reddy
III BA GEN S-II,400001418,Bhavana Verma
III BA GEN S-II,400001419,Isha Das
III BA GEN S-II,400001420,Priya Patel
III BA GEN S-II,400001421,Neha Verma
III BA GEN S-II,400001422,Priya Naidu
III BA GEN S-II,400001423,Anaya Naidu
III BBA MATHS S-III,400001424,Anaya Ghosh
III BBA MATHS S-III,400001425,Lakshmi Naidu
III BBA MATHS S-III,400001426,Bhavana Verma
III BBA MATHS S-III,400001427,Kavya Ghosh
III BBA MATHS S-III,400001428,Meera Bose
III BBA MATHS S-III,400001429,Vihaan Ghosh
III BBA MATHS S-III,400001430,Isha Verma
III BBA MATHS S-III,400001431,Krishna Mishra
III BBA MATHS S-III,400001432,Lakshmi Sharma
III BBA MATHS S-III,400001433,Bhavana Shetty
III BBA MATHS S-III,400001434,Vihaan Mishra
III BBA MATHS S-III,400001435,Krishna Bose
III BBA MATHS S-III,400001436,Sai Ghosh
III BBA MATHS S-III,400001437,Aarav Patel
III BBA MATHS S-III,400001438,Aarav Kumar
III BBA MATHS S-III,400001439,Vivaan Sharma
III BBA MATHS S-III,400001440,Aishwarya Sharma
III BBA MATHS S-III,400001441,Sai Yadav
III BBA MATHS S-III,400001442,Priya Yadav
III BBA MATHS S-III,400001443,Lakshmi Sharma
III BBA MATHS S-III,400001444,Neha Iyer
III BBA MATHS S-III,400001445,Riya Mishra
III BBA MATHS S-III,400001446,Aditya Das
III BBA MATHS S-III,400001447,Pooja Mishra
III BBA MATHS S-III,400001448,Meera Shetty
III BBA MATHS S-III,400001449,Kavya Singh
III BBA MATHS S-III,400001450,Priya Reddy
III BBA MATHS S-III,400001451,Pooja Verma
III BBA MATHS S-III,400001452,Vihaan Kapoor
III BBA MATHS S-III,400001453,Vivaan Bose
III BBA MATHS S-III,400001454,Krishna Nair
III BBA MATHS S-III,400001455,Neha Ghosh
III BBA MATHS S-III,400001456,Aishwarya Menon
III BBA MATHS S-III,400001457,Kavya Bose
III BBA MATHS S-III,400001458,Riya Shetty
III BSc IT S-I,400001459,Lakshmi Bose
III BSc IT S-I,400001460,Priya Yadav
III BSc IT S-I,400001461,Anaya Thakur
III BSc IT S-I,400001462,Meera Shetty
III BSc IT S-I,400001463,Aditya Sharma
III BSc IT S-I,400001464,Riya Patel
III BSc IT S-I,400001465,Priya Kumar
III BSc IT S-I,400001466,Vihaan Menon
III BSc IT S-I,400001467,Sneha Bose
III BSc IT S-I,400001468,Riya Das
III BSc IT S-I,400001469,Diya Kapoor
III BSc IT S-I,400001470,Aishwarya Naidu
III BSc IT S-I,400001471,Sneha Naidu
III BSc IT S-I,400001472,Priya Bose
III BSc IT S-I,400001473,Isha Yadav
III BSc IT S-I,400001474,Aditya Chatterjee
III BSc IT S-I,400001475,Pooja Mishra
III BSc IT S-I,400001476,Krishna Singh
III BSc IT S-I,400001477,Priya Patel
III BSc IT S-I,400001478,Arjun Mishra
III BSc IT S-I,400001479,Aarav Bose
III BSc IT S-I,400001480,Riya Naidu
III BSc IT S-I,400001481,Riya Yadav
III BSc IT S-I,400001482,Sneha Kapoor
III BSc IT S-I,400001483,Kavya Sharma
III BSc IT S-I,400001484,Priya Menon
III BSc IT S-I,400001485,Vivaan Bose
III BSc IT S-I,400001486,Anaya Rao
III BSc IT S-I,400001487,Arjun Chatterjee
III BSc IT S-I,400001488,Arjun Reddy
III BSc IT S-I,400001489,Aditya Reddy
III BSc IT S-I,400001490,Aarav Thakur
III BSc IT S-I,400001491,Arjun Thakur
I BCOM GEN S-II,400001492,Sneha Reddy
I BCOM GEN S-II,400001493,Neha Menon
I BCOM GEN S-II,400001494,Lakshmi Ghosh
I BCOM GEN S-II,400001495,Riya Menon
I BCOM GEN S-II,400001496,Lakshmi Chatterjee
I BCOM GEN S-II,400001497,Vihaan Thakur
I BCOM GEN S-II,400001498,Aditya Kapoor
I BCOM GEN S-II,400001499,Diya Naidu
I BCOM GEN S-II,400001500,Sneha Yadav
I BCOM GEN S-II,400001501,Kavya Kapoor
I BCOM GEN S-II,400001502,Sai Nair
I BCOM GEN S-II,400001503,Lakshmi Bose
I BCOM GEN S-II,400001504,Aditya Yadav
I BCOM GEN S-II,400001505,Vihaan Shetty
I BCOM GEN S-II,400001506,Vivaan Singh
I BCOM GEN S-II,400001507,Neha Iyer
I BCOM GEN S-II,400001508,Sneha Thakur
I BCOM GEN S-II,400001509,Aishwarya Thakur
I BCOM GEN S-II,400001510,Kavya Patel
I BCOM GEN S-II,400001511,Sneha Bose
I BCOM GEN S-II,400001512,Sai Rao
I BCOM GEN S-II,400001513,Arjun Naidu
I BCOM GEN S-II,400001514,Vivaan Bose
I BCOM GEN S-II,400001515,Aishwarya Bose
I BCOM GEN S-II,400001516,Isha Singh
I BCOM GEN S-II,400001517,Priya Rao
I BCOM GEN S-II,400001518,Diya Ghosh
I BCOM GEN S-II,400001519,Bhavana Bose
I BCOM GEN S-II,400001520,Aishwarya Patel
I BCOM GEN S-II,400001521,Anaya Iyer
I BCOM GEN S-II,400001522,Anaya Bose
I BCOM GEN S-II,400001523,Kavya Das
I BCOM GEN S-II,400001524,Meera Chatterjee
II BBA CHEM S-I,400001525,Neha Reddy
II BBA CHEM S-I,400001526,Pooja Das
II BBA CHEM S-I,400001527,Aditya Naidu
II BBA CHEM S-I,400001528,Aditya Nair
II BBA CHEM S-I,400001529,Lakshmi Kapoor
II BBA CHEM S-I,400001530,Isha Thakur
II BBA CHEM S-I,400001531,Vivaan Nair
II BBA CHEM S-I,400001532,Krishna Naidu
II BBA CHEM S-I,400001533,Vivaan Das
II BBA CHEM S-I,400001534,Aditya Sharma
II BBA CHEM S-I,400001535,Kavya Verma
II BBA CHEM S-I,400001536,Isha Bose
II BBA CHEM S-I,400001537,Vivaan Yadav
II BBA CHEM S-I,400001538,Vihaan Kumar
II BBA CHEM S-I,400001539,Meera Thakur
II BBA CHEM S-I,400001540,Krishna Iyer
II BBA CHEM S-I,400001541,Lakshmi Yadav
II BBA CHEM S-I,400001542,Pooja Kapoor
II BBA CHEM S-I,400001543,Pooja Verma
II BBA CHEM S-I,400001544,Riya Yadav
II BBA CHEM S-I,400001545,Riya Menon
II BBA CHEM S-I,400001546,Isha Shetty
II BBA CHEM S-I,400001547,Neha Shetty
II BBA CHEM S-I,400001548,Anaya Iyer
II BBA CHEM S-I,400001549,Lakshmi Kapoor
II BBA CHEM S-I,400001550,Sneha Naidu
II BBA CHEM S-I,400001551,Pooja Iyer
II BBA CHEM S-I,400001552,Sai Patel
II BBA CHEM S-I,400001553,Anaya Sharma
II BBA CHEM S-I,400001554,Anaya Patel
II BBA CHEM S-I,400001555,Diya Verma
II BBA CHEM S-I,400001556,Vihaan Yadav
II BBA CHEM S-I,400001557,Krishna Das
II BBA CHEM S-I,400001558,Isha Iyer
II BBA CHEM S-I,400001559,Pooja Menon
II BBA CHEM S-I,400001560,Isha Iyer
II BBA CHEM S-I,400001561,Sneha Bose
II BBA CHEM S-I,400001562,Meera Reddy
II BBA CHEM S-I,400001563,Aishwarya Sharma
I BSc ENG S-II,400001564,Sai Mishra
I BSc ENG S-II,400001565,Aditya Kapoor
I BSc ENG S-II,400001566,Aarav Reddy
I BSc ENG S-II,400001567,Bhavana Reddy
I BSc ENG S-II,400001568,Arjun Menon
I BSc ENG S-II,400001569,Meera Kapoor
I BSc ENG S-II,400001570,Bhavana Kumar
I BSc ENG S-II,400001571,Aarav Rao
I BSc ENG S-II,400001572,Anaya Naidu
I BSc ENG S-II,400001573,Aditya Patel
I BSc ENG S-II,400001574,Aditya Menon
I BSc ENG S-II,400001575,Sai Kapoor
I BSc ENG S-II,400001576,Aditya Sharma
I BSc ENG S-II,400001577,Aditya Ghosh
I BSc ENG S-II,400001578,Aishwarya Das
I BSc ENG S-II,400001579,Aarav Thakur
I BSc ENG S-II,400001580,Anaya Patel
I BSc ENG S-II,400001581,Lakshmi Iyer
I BSc ENG S-II,400001582,Priya Verma
I BSc ENG S-II,400001583,Vihaan Iyer
I BSc ENG S-II,400001584,Anaya Thakur
I BSc ENG S-II,400001585,Kavya Kapoor
I BSc ENG S-II,400001586,Meera Bose
I BSc ENG S-II,400001587,Bhavana Das
I BSc ENG S-II,400001588,Isha Naidu
I BSc ENG S-II,400001589,Sneha Bose
I BSc ENG S-II,400001590,Bhavana Yadav
I BSc ENG S-II,400001591,Neha Patel
I BSc ENG S-II,400001592,Priya Menon
I BSc ENG S-II,400001593,Aishwarya Verma
I BSc ENG S-II,400001594,Diya Ghosh
I BCA MATHS S-IV,400001595,Diya Mishra
I BCA MATHS S-IV,400001596,Vivaan Menon
I BCA MATHS S-IV,400001597,Vihaan Singh
I BCA MATHS S-IV,400001598,Priya Yadav
I BCA MATHS S-IV,400001599,Riya Naidu
I BCA MATHS S-IV,400001600,Riya Nair
I BCA MATHS S-IV,400001601,Meera Mishra
I BCA MATHS S-IV,400001602,Diya Patel
I BCA MATHS S-IV,400001603,Riya Rao
I BCA MATHS S-IV,400001604,Krishna Singh
I BCA MATHS S-IV,400001605,Meera Reddy
I BCA MATHS S-IV,400001606,Meera Verma
I BCA MATHS S-IV,400001607,Riya Bose
I BCA MATHS S-IV,400001608,Pooja Reddy
I BCA MATHS S-IV,400001609,Arjun Iyer
I BCA MATHS S-IV,400001610,Aarav Sharma
I BCA MATHS S-IV,400001611,Priya Bose
I BCA MATHS S-IV,400001612,Anaya Kapoor
I BCA MATHS S-IV,400001613,Sneha Thakur
I BCA MATHS S-IV,400001614,Neha Reddy
I BCA MATHS S-IV,400001615,Vivaan Nair
I BCA MATHS S-IV,400001616,Aditya Ghosh
I BCA MATHS S-IV,400001617,Meera Rao
I BCA MATHS S-IV,400001618,Sai Menon
I BCA MATHS S-IV,400001619,Riya Mishra
I BCA MATHS S-IV,400001620,Riya Naidu
I BCA MATHS S-IV,400001621,Riya Shetty
I BCA MATHS S-IV,400001622,Neha Menon
I BCA MATHS S-IV,400001623,Priya Singh
I BCA MATHS S-IV,400001624,Sneha Kapoor
I BCA MATHS S-IV,400001625,Vihaan Yadav
I BCA MATHS S-IV,400001626,Bhavana Verma
I BCA MATHS S-IV,400001627,Vihaan Shetty
I BCA MATHS S-IV,400001628,Vihaan Singh
I BCA MATHS S-IV,400001629,Meera Naidu
I BBA BIO S-II,400001630,Diya Das
I BBA BIO S-II,400001631,Neha Mishra
I BBA BIO S-II,400001632,Neha Nair
I BBA BIO S-II,400001633,Bhavana Patel
I BBA BIO S-II,400001634,Sneha Kumar
I BBA BIO S-II,400001635,Aditya Ghosh
I BBA BIO S-II,400001636,Kavya Nair
I BBA BIO S-II,400001637,Krishna Singh
I BBA BIO S-II,400001638,Pooja Verma
I BBA BIO S-II,400001639,Vivaan Mishra
I BBA BIO S-II,400001640,Priya Iyer
I BBA BIO S-II,400001641,Arjun Chatterjee
I BBA BIO S-II,400001642,Arjun Menon
I BBA BIO S-II,400001643,Aishwarya Kumar
I BBA BIO S-II,400001644,Kavya Rao
I BBA BIO S-II,400001645,Lakshmi Iyer
I BBA BIO S-II,400001646,Vihaan Verma
I BBA BIO S-II,400001647,Sneha Naidu
I BBA BIO S-II,400001648,Kavya Singh
I BBA BIO S-II,400001649,Isha Menon
I BBA BIO S-II,400001650,Sai Shetty
I BBA BIO S-II,400001651,Sneha Kapoor
I BBA BIO S-II,400001652,Lakshmi Rao
I BBA BIO S-II,400001653,Lakshmi Kapoor
I BBA BIO S-II,400001654,Bhavana Thakur
I BBA BIO S-II,400001655,Diya Ghosh
I BBA BIO S-II,400001656,Vivaan Nair
I BBA BIO S-II,400001657,Aditya Sharma
I BBA BIO S-II,400001658,Arjun Menon
I BBA BIO S-II,400001659,Aditya Verma
I BBA BIO S-II,400001660,Neha Kumar
I BBA ENG S-III,400001661,Krishna Yadav
I BBA ENG S-III,400001662,Anaya Nair
I BBA ENG S-III,400001663,Riya Menon
I BBA ENG S-III,400001664,Anaya Verma
I BBA ENG S-III,400001665,Sai Iyer
I BBA ENG S-III,400001666,Anaya Yadav
I BBA ENG S-III,400001667,Sneha Kapoor
I BBA ENG S-III,400001668,Pooja Nair
I BBA ENG S-III,400001669,Anaya Yadav
I BBA ENG S-III,400001670,Diya Kapoor
I BBA ENG S-III,400001671,Bhavana Shetty
I BBA ENG S-III,400001672,Krishna Yadav
I BBA ENG S-III,400001673,Bhavana Naidu
I BBA ENG S-III,400001674,Bhavana Singh
I BBA ENG S-III,400001675,Lakshmi Rao
I BBA ENG S-III,400001676,Aishwarya Nair
I BBA ENG S-III,400001677,Lakshmi Iyer
I BBA ENG S-III,400001678,Vihaan Iyer
I BBA ENG S-III,400001679,Anaya Chatterjee
I BBA ENG S-III,400001680,Anaya Shetty
I BBA ENG S-III,400001681,Isha Kumar
I BBA ENG S-III,400001682,Aditya Sharma
I BBA ENG S-III,400001683,Arjun Singh
I BBA ENG S-III,400001684,Priya Sharma
I BBA ENG S-III,400001685,Pooja Sharma
I BBA ENG S-III,400001686,Neha Shetty
I BBA ENG S-III,400001687,Priya Yadav
I BBA ENG S-III,400001688,Priya Das
I BBA ENG S-III,400001689,Isha Kapoor
I BBA ENG S-III,400001690,Vihaan Kapoor
I BBA ENG S-III,400001691,Sneha Yadav
I BBA ENG S-III,400001692,Riya Sharma
I BBA ENG S-III,400001693,Aishwarya Sharma
I BBA ENG S-III,400001694,Priya Nair
I BBA ENG S-III,400001695,Kavya Kumar
I BBA ENG S-III,400001696,Diya Nair
I BBA ENG S-III,400001697,Sai Chatterjee
I BBA ENG S-III,400001698,Krishna Menon
II BSc CHEM S-I,400001699,Bhavana Nair
II BSc CHEM S-I,400001700,Sneha Reddy
II BSc CHEM S-I,400001701,Aishwarya Naidu
II BSc CHEM S-I,400001702,Pooja Shetty
II BSc CHEM S-I,400001703,Bhavana Ghosh
II BSc CHEM S-I,400001704,Bhavana Iyer
II BSc CHEM S-I,400001705,Pooja Chatterjee
II BSc CHEM S-I,400001706,Diya Chatterjee
II BSc CHEM S-I,400001707,Anaya Yadav
II BSc CHEM S-I,400001708,Riya Kumar
II BSc CHEM S-I,400001709,Priya Sharma
II BSc CHEM S-I,400001710,Vihaan Menon
II BSc CHEM S-I,400001711,Krishna Sharma
II BSc CHEM S-I,400001712,Pooja Bose
II BSc CHEM S-I,400001713,Diya Mishra
II BSc CHEM S-I,400001714,Aditya Verma
II BSc CHEM S-I,400001715,Aarav Menon
II BSc CHEM S-I,400001716,Vihaan Kapoor
II BSc CHEM S-I,400001717,Vivaan Das
II BSc CHEM S-I,400001718,Aditya Iyer
II BSc CHEM S-I,400001719,Sneha Mishra
II BSc CHEM S-I,400001720,Kavya Nair
II BSc CHEM S-I,400001721,Kavya Kumar
II BSc CHEM S-I,400001722,Sneha Kapoor
II BSc CHEM S-I,400001723,Sai Ghosh
II BSc CHEM S-I,400001724,Riya Kumar
II BSc CHEM S-I,400001725,Bhavana Menon
II BSc CHEM S-I,400001726,Pooja Mishra
II BSc CHEM S-I,400001727,Vihaan Iyer
II BSc CHEM S-I,400001728,Aishwarya Shetty
II BSc CHEM S-I,400001729,Diya Verma
II BSc CHEM S-I,400001730,Riya Bose
II BSc CHEM S-I,400001731,Diya Nair
II BSc CHEM S-I,400001732,Sneha Nair
II BSc CHEM S-I,400001733,Vihaan Rao
II BSc CHEM S-I,400001734,Vihaan Sharma
II BSc CHEM S-I,400001735,Arjun Chatterjee
II BSc CHEM S-I,400001736,Lakshmi Shetty
II BSc CHEM S-I,400001737,Kavya Nair
II BSc CHEM S-I,400001738,Arjun Patel
